avg_loss,epoch,los_group,pretrained_path,test_acc,test_ami,test_ari,test_mi,test_mmi,test_v_measure,train_acc,train_ami,train_ari,train_mi,train_mmi,train_v_measure
2.2364610006,1,10-percentile,,0.199181446112,0.0916383746549,0.0654762063136,0.222303416573,0.120002877978,0.116572152895,0.187058303887,0.0522609161971,0.043181283819,0.126723177849,0.0644434693705,0.0633993337883
2.06312763519,2,10-percentile,,0.18809686221,0.0888815609206,0.0474459329799,0.217746295007,0.100140616417,0.0998065793642,0.256183745583,0.114121758428,0.082684660058,0.272296902277,0.124950904332,0.124567041043
1.830171774,3,10-percentile,,0.18758526603,0.087936613831,0.0556705564705,0.215352248509,0.0952559810742,0.0951686372345,0.376104240283,0.188873848682,0.139185172188,0.448200379674,0.195067404081,0.195003688723
1.54587228782,4,10-percentile,,0.178547066849,0.0796072874068,0.0477628491636,0.195748777472,0.0843963266654,0.0843837873637,0.519876325088,0.299698209719,0.248936303652,0.709020784474,0.304350922229,0.30432989826
